id;product;product_id;product_brand;primary_ingredient
1;haptic;hard Fresh;moderator niches Berkshire;Cotton innovate
2;streamline withdrawal COM;Buckinghamshire input invoice;array Clothing calculate;Producer Tenge
3;improvement visualize Sahara;Sleek Fantastic;compressing panel facilitate;paradigm Auto
4;Cambridgeshire Burgs;RAM Re-engineered;Avon static;XML Handcrafted Books
5;Fantastic;Global;B2C;integrate
6;Facilitator;AGP digital parsing;Mouse up;24 Berkshire
7;portal evolve Regional;turn-key EXE;Via Auto benchmark;Human generating
8;Soft;Shores;Customer;Function-based
9;virtual;local Regional Sleek;payment;Markets
10;end-to-end Intelligent RAM;Factors Operative;customized Senior Rubber;value-added
